<?xml version="1.0" encoding="UTF-8"?>
<FlexiPage xmlns="http://soap.sforce.com/2006/04/metadata">
    <flexiPageRegions>
        <itemInstances>
            <componentInstance>
                <componentName>firstComponent</componentName>
                <identifier>c_firstComponent1</identifier>
            </componentInstance>
        </itemInstances>
        <name>column1</name>
        <type>Region</type>
    </flexiPageRegions>
    <flexiPageRegions>
        <name>column2</name>
        <type>Region</type>
    </flexiPageRegions>
    <masterLabel>LWC Play Area</masterLabel>
    <template>
        <name>flexipage:appHomeTemplateTwoColumns</name>
    </template>
    <type>AppPage</type>
</FlexiPage>
