<?xml version="1.0" encoding="UTF-8"?>
<FlexiPage xmlns="http://soap.sforce.com/2006/04/metadata">
    <flexiPageRegions>
        <name>region1</name>
        <type>Region</type>
    </flexiPageRegions>
    <flexiPageRegions>
        <itemInstances>
            <componentInstance>
                <componentName>topicSearchContainer</componentName>
                <identifier>c_topicSearchContainer1</identifier>
            </componentInstance>
        </itemInstances>
        <name>region2</name>
        <type>Region</type>
    </flexiPageRegions>
    <flexiPageRegions>
        <name>region3</name>
        <type>Region</type>
    </flexiPageRegions>
    <masterLabel>Wisdom</masterLabel>
    <template>
        <name>flexipage:appHomeTemplateHeaderTwoColumnsEqualWidth</name>
    </template>
    <type>AppPage</type>
</FlexiPage>
