<?xml version="1.0" encoding="UTF-8"?>
<CustomField xmlns="http://soap.sforce.com/2006/04/metadata">
    <fullName>Quote_Author__c</fullName>
    <externalId>false</externalId>
    <label>Quote Author</label>
    <referenceTo>Contact</referenceTo>
    <relationshipLabel>Author Notable Works</relationshipLabel>
    <relationshipName>Author_Notable_Works</relationshipName>
    <relationshipOrder>0</relationshipOrder>
    <reparentableMasterDetail>false</reparentableMasterDetail>
    <trackTrending>false</trackTrending>
    <type>MasterDetail</type>
    <writeRequiresMasterRead>false</writeRequiresMasterRead>
</CustomField>
